,Name,Location,Company Size,Company Type
0,EClerx,Mumbai,"Company size
10000+ employees","Industry
KPO/Research"
1,Sagility Healthcare,Bangalore,"Company size
10000+ employees","Industry
KPO/Research"
2,Amity University,Noida,"Company size
5001-10000 employees","Industry
KPO/Research"
3,Vaco Binary Semantics LLP,Gurgaon,"Company size
5001-10000 employees","Industry
KPO/Research"
4,Technotask Business Solutions Private Limited,Bhopal,"Company size
5001-10000 employees","Industry
KPO/Research"
5,Dataflow Group,Noida,"Company size
1001-5000 employees","Industry
KPO/Research"
6,Datamatics Business Solutions,Mumbai,"Company size
1001-5000 employees","Industry
KPO/Research"
7,Newgen KnowledgeWorks,Chennai,"Company size
1001-5000 employees","Industry
KPO/Research"
8,Transcom India,Gurgaon,"Company size
1001-5000 employees","Industry
KPO/Research"
9,Data Marshall Private Limited,Hyderabad,"Company size
1001-5000 employees","Industry
KPO/Research"
10,EClerx,Mumbai,"Company size
10000+ employees","Industry
KPO/Research"
11,Sagility Healthcare,Bangalore,"Company size
10000+ employees","Industry
KPO/Research"
12,Amity University,Noida,"Company size
5001-10000 employees","Industry
KPO/Research"
13,Vaco Binary Semantics LLP,Gurgaon,"Company size
5001-10000 employees","Industry
KPO/Research"
14,Technotask Business Solutions Private Limited,Bhopal,"Company size
5001-10000 employees","Industry
KPO/Research"
15,Dataflow Group,Noida,"Company size
1001-5000 employees","Industry
KPO/Research"
16,Datamatics Business Solutions,Mumbai,"Company size
1001-5000 employees","Industry
KPO/Research"
17,Newgen KnowledgeWorks,Chennai,"Company size
1001-5000 employees","Industry
KPO/Research"
18,Transcom India,Gurgaon,"Company size
1001-5000 employees","Industry
KPO/Research"
19,Data Marshall Private Limited,Hyderabad,"Company size
1001-5000 employees","Industry
KPO/Research"
20,FileSure India Private Limited,Mumbai,"Company size
11-50 employees","Industry
KPO/Research"
21,Indian Institute Of Science,Bangalore,"Company size
1000+ employees","Industry
KPO/Research"
22,Innodata India Private Limited,Noida,"Company size
1000+ employees","Industry
KPO/Research"
23,Justdial Limited,Mumbai,"Company size
1000+ employees","Industry
KPO/Research"
24,Hindustan Times Media Limited,Gurgaon,"Company size
1000+ employees","Industry
KPO/Research"
25,YouGov,Mumbai,"Company size
1000+ employees","Industry
KPO/Research"
26,Merit Software Services Private Limited,Mumbai,"Company size
1000+ employees","Industry
KPO/Research"
27,Consero Global,Bangalore,"Company size
1000+ employees","Industry
KPO/Research"
28,Corteva Agriscience,Hyderabad,"Company size
1000+ employees","Industry
KPO/Research"
29,Netscribes (India) Private Limited,Mumbai,"Company size
1000+ employees","Industry
KPO/Research"
30,Tredence Analytics Solution,Bangalore,"Company size
1000+ employees","Industry
KPO/Research"
31,Dhruv Research,Gurgaon,"Company size
1000+ employees","Industry
KPO/Research"
32,Mynd Solutions Private Limited,Gurgaon,"Company size
1000+ employees","Industry
KPO/Research"
33,Kisaan Parivar Private Limited,Hyderabad,"Company size
1000+ employees","Industry
KPO/Research"
34,JindalX,Delhi,"Company size
1000+ employees","Industry
KPO/Research"
35,Hinduja Global Solution Ltd,Mumbai,"Company size
1000+ employees","Industry
KPO/Research"
36,Girnar Care,Jaipur,"Company size
501-1000 employees","Industry
KPO/Research"
37,Escalon Business Services,Mohali,"Company size
501-1000 employees","Industry
KPO/Research"
38,Hinduja Global Solution Limited,Mumbai,"Company size
501-1000 employees","Industry
KPO/Research"
39,MetrixLab,Hyderabad,"Company size
201-500 employees","Industry
KPO/Research"
40,CIIE Initiatives (IIM Ahmedabad),Ahmedabad,"Company size
51-200 employees","Industry
KPO/Research"
41,"Indian Institute Of Technology, Bombay",Mumbai,"Company size
51-200 employees","Industry
KPO/Research"
42,BlackBuck,Bangalore,"Company size
0-50 employees","Industry
KPO/Research"
43,Innodata,Noida,"Company size
1001-5000 employees","Industry
KPO/Research"
44,Open Mind Services Limited,Gurgaon,"Company size
11-50 employees","Industry
KPO/Research"
45,Market Vistas Consumer Insights,Mumbai,"Company size
11-50 employees","Industry
KPO/Research"
46,MavenMagnet,Mumbai,"Company size
11-50 employees","Industry
KPO/Research"
47,Futureminds Consulting Private Limited,Delhi,"Company size
11-50 employees","Industry
KPO/Research"
48,Chalanas,Delhi,"Company size
11-50 employees","Industry
KPO/Research"
49,Medico Engineering Components,Nagpur,"Company size
11-50 employees","Industry
KPO/Research"
50,Get Virtual Solutions,Navi Mumbai,"Company size
11-50 employees","Industry
KPO/Research"
51,Hurun Report India,Mumbai,"Company size
11-50 employees","Industry
KPO/Research"
52,Infinity Business Solutions,Ahmedabad,"Company size
11-50 employees","Industry
KPO/Research"
53,3C Capitals,Noida,"Company size
11-50 employees","Industry
KPO/Research"
54,Oceanof Panels Services Private Limited,Bangalore,"Company size
11-50 employees","Industry
KPO/Research"
55,Factly Media & Research,Hyderabad,"Company size
11-50 employees","Industry
KPO/Research"
56,Bayslope Business Solutions Private Limited,Gurgaon,"Company size
11-50 employees","Industry
KPO/Research"
57,ResearChime,Hyderabad,"Company size
11-50 employees","Industry
KPO/Research"
58,Catalytic Corps,Delhi,"Company size
11-50 employees","Industry
KPO/Research"
59,Zversion,Delhi,"Company size
11-50 employees","Industry
KPO/Research"
60,Wiserfeed Consulting,Gurgaon,"Company size
11-50 employees","Industry
KPO/Research"
61,Pinak Idea Lab Private Limited,Noida,"Company size
11-50 employees","Industry
KPO/Research"
62,BioDev Services Private Limited,Ahmedabad,"Company size
11-50 employees","Industry
KPO/Research"
63,Universal Inovators,Delhi,"Company size
11-50 employees","Industry
KPO/Research"
64,Exotic Learning,Bangalore,"Company size
11-50 employees","Industry
KPO/Research"
65,VERVE Business Solutions,Pune,"Company size
11-50 employees","Industry
KPO/Research"
66,Boston Business Solutions Private Limited,Chennai,"Company size
11-50 employees","Industry
KPO/Research"
67,Qodeit,Raipur,"Company size
11-50 employees","Industry
KPO/Research"
68,RRB Advisory Services Private Limited,Kolkata,"Company size
11-50 employees","Industry
KPO/Research"
69,Green Signature,Bangalore,"Company size
11-50 employees","Industry
KPO/Research"
70,Xtrim Global Solutions Private Limited,Indore,"Company size
11-50 employees","Industry
KPO/Research"
71,Research Education Solutions,Noida,"Company size
11-50 employees","Industry
KPO/Research"
72,Maharashtra Economic Development Council,Mumbai,"Company size
11-50 employees","Industry
KPO/Research"
73,WCS India Private Limited,Gurgaon,"Company size
11-50 employees","Industry
KPO/Research"
74,Interactive Book Services Private Limited,Faridabad,"Company size
11-50 employees","Industry
KPO/Research"
75,Quinfy Technology Pvt Ltd,Gurgaon,"Company size
11-50 employees","Industry
KPO/Research"
76,Frequent Research Fieldwork Solutions Private Limited,Delhi,"Company size
11-50 employees","Industry
KPO/Research"
77,Provectus CorpAdvisors,Ahmedabad,"Company size
11-50 employees","Industry
KPO/Research"
78,Dhvani Analytic Intelligence Private Limited,Chennai,"Company size
11-50 employees","Industry
KPO/Research"
79,Quaintel Research Solutions Private Limited,Bangalore,"Company size
11-50 employees","Industry
KPO/Research"
80,99TPA Advisory India Pvt Ltd,Durgapur,"Company size
11-50 employees","Industry
KPO/Research"
81,Sunworks Consultants Private Limited,Delhi,"Company size
11-50 employees","Industry
KPO/Research"
82,Naikan Institute Of Behavioral Services Private Limited,Delhi,"Company size
11-50 employees","Industry
KPO/Research"
83,Vidya Reckon Solutions Private Limited,Kolkata,"Company size
11-50 employees","Industry
KPO/Research"
84,Edurishi Eduventures Private Limited,Pune,"Company size
11-50 employees","Industry
KPO/Research"
85,CADBricks Private Limited,Ahmedabad,"Company size
11-50 employees","Industry
KPO/Research"
86,Nine Plus Dataworks,Gurugram Sub-District,"Company size
11-50 employees","Industry
KPO/Research"
87,VirtualTeam FinServ,Delhi,"Company size
11-50 employees","Industry
KPO/Research"
88,Digital Media LLP,Ahmedabad,"Company size
11-50 employees","Industry
KPO/Research"
89,SR Asia,Ghaziabad,"Company size
11-50 employees","Industry
KPO/Research"
90,IFOREST,Noida,"Company size
11-50 employees","Industry
KPO/Research"
91,Darrels AM Research And Reverse Engineering Labs Private Limited,Nagercoil,"Company size
11-50 employees","Industry
KPO/Research"
92,Life Saving Organization,Bhopal,"Company size
11-50 employees","Industry
KPO/Research"
93,EXPERIQS PRIVATE LIMITED,Mumbai,"Company size
11-50 employees","Industry
KPO/Research"
94,ReportsInsights Consulting Pvt Ltd,Pune,"Company size
11-50 employees","Industry
KPO/Research"
95,Ktechnologiees LLC,Ahmedabad,"Company size
11-50 employees","Industry
KPO/Research"
96,Research Connect,Mumbai,"Company size
11-50 employees","Industry
KPO/Research"
97,Foundation To Science Innovation And Development,Bangalore,"Company size
11-50 employees","Industry
KPO/Research"
98,Designcapital,Bhubaneswar,"Company size
11-50 employees","Industry
KPO/Research"
99,Eight Figure Research,Kolkata,"Company size
11-50 employees","Industry
KPO/Research"
100,MarketsGlob Market Research,Pune,"Company size
11-50 employees","Industry
KPO/Research"
101,Psoodlein Foods,Muzaffarpur,"Company size
11-50 employees","Industry
KPO/Research"
102,Poornaprajna Institute Of Scientific Research,Bangalore Rural,"Company size
11-50 employees","Industry
KPO/Research"
103,Race Auto India,Chennai,"Company size
11-50 employees","Industry
KPO/Research"
104,Invisia,Bangalore,"Company size
11-50 employees","Industry
KPO/Research"
105,Vihaas Design Technologies,Solan,"Company size
11-50 employees","Industry
KPO/Research"
106,Sama.com,Bangalore,"Company size
11-50 employees","Industry
KPO/Research"
107,Fortuco Resource Solutions Pvt.Ltd,Delhi,"Company size
11-50 employees","Industry
KPO/Research"
108,Bariflo Cyberenetics Private Limited,Bhubaneswar,"Company size
11-50 employees","Industry
KPO/Research"
109,Infin8t,Bangarapet,"Company size
11-50 employees","Industry
KPO/Research"
110,MetaFin Consulting India Private Limited,Hyderabad,"Company size
11-50 employees","Industry
KPO/Research"
111,Optizen Services Private Limited,Ahmedabad,"Company size
11-50 employees","Industry
KPO/Research"
112,KLobTech,Jaipur,"Company size
11-50 employees","Industry
KPO/Research"
113,CVoter News Services Pvt Ltd,Noida,"Company size
11-50 employees","Industry
KPO/Research"
114,Kangaroo Accountants Private Limited,Vadodara,"Company size
11-50 employees","Industry
KPO/Research"
115,Pravasi Setu Foundation,Delhi,"Company size
11-50 employees","Industry
KPO/Research"
116,CIRUS Group Of Companies,Gurgaon,"Company size
11-50 employees","Industry
KPO/Research"
117,PM Kishan Journal,Tirunelveli,"Company size
11-50 employees","Industry
KPO/Research"
118,Skillpal Outsourcing Pvt Ltd,Jaipur,"Company size
11-50 employees","Industry
KPO/Research"
119,PharmaLeap,Delhi,"Company size
11-50 employees","Industry
KPO/Research"
120,Spin Info Solutions,Chennai,"Company size
11-50 employees","Industry
KPO/Research"
121,Krag Square Insights Center Pvt. Ltd.,Delhi,"Company size
11-50 employees","Industry
KPO/Research"
122,Nebula-ARI,Noida,"Company size
11-50 employees","Industry
KPO/Research"
123,Arya Infolabs,Ahmedabad,"Company size
11-50 employees","Industry
KPO/Research"
124,Orient Healthcare Technology LLP,Ahmedabad,"Company size
11-50 employees","Industry
KPO/Research"
125,Finrope Solutions LLP,Vadodara,"Company size
11-50 employees","Industry
KPO/Research"
126,Venus Technologies,Bangalore,"Company size
2-10 employees","Industry
KPO/Research"
127,ThinkClock Innovation Labs,Bangalore,"Company size
2-10 employees","Industry
KPO/Research"
128,Offbit Marketing Services,Delhi,"Company size
2-10 employees","Industry
KPO/Research"
129,Infocrest,Indore,"Company size
2-10 employees","Industry
KPO/Research"
130,Lines International,Jaipur,"Company size
2-10 employees","Industry
KPO/Research"
131,Prayfootwear,Mumbai,"Company size
2-10 employees","Industry
KPO/Research"
132,Ipp Services Training and Research Private Limited,Noida,"Company size
2-10 employees","Industry
KPO/Research"
133,KAS Business Consulting,Noida,"Company size
2-10 employees","Industry
KPO/Research"
134,Kirat Communications Private Limited,Safidon,"Company size
2-10 employees","Industry
KPO/Research"
135,Transverse Language Solutions,Delhi,"Company size
2-10 employees","Industry
KPO/Research"
136,Adivasi Yuva Seva Sangh,Dahanu,"Company size
2-10 employees","Industry
KPO/Research"
137,MyMRPlace,Thane,"Company size
2-10 employees","Industry
KPO/Research"
138,Institute Of Perception Studies,Hyderabad,"Company size
2-10 employees","Industry
KPO/Research"
139,21DEGREES Advisory Services,Delhi,"Company size
2-10 employees","Industry
KPO/Research"
140,P2L Impact Learning Empowers Private Limited,Delhi,"Company size
2-10 employees","Industry
KPO/Research"
141,Singhal Sunil And Associates,Ahmedabad,"Company size
2-10 employees","Industry
KPO/Research"
142,Pi Research And Media,Bangalore,"Company size
2-10 employees","Industry
KPO/Research"
143,Udyam Ventures Private Limited,Delhi,"Company size
2-10 employees","Industry
KPO/Research"
144,VakilSahabh,Bhilwara,"Company size
2-10 employees","Industry
KPO/Research"
145,Expersight,Bangalore,"Company size
2-10 employees","Industry
KPO/Research"
146,Daily Law Times,Rajsamand,"Company size
2-10 employees","Industry
KPO/Research"
147,BKSAY WORKS PRIVATE LIMITED,Hyderabad,"Company size
2-10 employees","Industry
KPO/Research"
148,PlagFree Content,Delhi,"Company size
2-10 employees","Industry
KPO/Research"
149,PitchyDeck,Bangalore,"Company size
2-10 employees","Industry
KPO/Research"
150,BLOOMING RECALL LLP,Delhi,"Company size
2-10 employees","Industry
KPO/Research"
151,Shingetsu Research & Consulting Private Limited,Noida,"Company size
2-10 employees","Industry
KPO/Research"
152,Hari Kiran A G,Bangalore,"Company size
2-10 employees","Industry
KPO/Research"
153,"Institute For Governance, Policies & Politics",Delhi,"Company size
2-10 employees","Industry
KPO/Research"
154,Operant Pharmacy Federation,Ahmedabad,"Company size
2-10 employees","Industry
KPO/Research"
155,Global Child Prodigy Awards,Bangalore,"Company size
2-10 employees","Industry
KPO/Research"
156,Intellect Bastion LLP,Delhi,"Company size
2-10 employees","Industry
KPO/Research"
157,InfyU Labs,Gandhinagar,"Company size
2-10 employees","Industry
KPO/Research"
158,"RJS & CO, CA (Ramesh J Somani And Company)",Pune,"Company size
2-10 employees","Industry
KPO/Research"
159,Growth Market Intelligence Private Limited,Delhi,"Company size
2-10 employees","Industry
KPO/Research"
160,Thot Thru Research,Mumbai,"Company size
2-10 employees","Industry
KPO/Research"
161,DevLens,Noida,"Company size
2-10 employees","Industry
KPO/Research"
162,Nanoinvent Technologies LLP,Mumbai,"Company size
2-10 employees","Industry
KPO/Research"
163,Policy Perspectives Foundation,Delhi,"Company size
2-10 employees","Industry
KPO/Research"
164,INTROCORP CONSULTING PARTNERS LLP,Pune,"Company size
2-10 employees","Industry
KPO/Research"
165,Prosperspective HR Solutions,Pune,"Company size
2-10 employees","Industry
KPO/Research"
166,Act Five,Delhi,"Company size
2-10 employees","Industry
KPO/Research"
167,RE-FAB FASHION PRIVATE LIMITED,Jaipur,"Company size
2-10 employees","Industry
KPO/Research"
168,Ashoka Global Solutions,Pune,"Company size
2-10 employees","Industry
KPO/Research"
169,Sensorama Technologies LLP,Mumbai,"Company size
2-10 employees","Industry
KPO/Research"
170,Sylvr,Bangalore,"Company size
2-10 employees","Industry
KPO/Research"
171,Universal Innovator,Delhi,"Company size
2-10 employees","Industry
KPO/Research"
172,Equisights,Mumbai,"Company size
2-10 employees","Industry
KPO/Research"
173,KGAngel Consulting,Jaipur,"Company size
2-10 employees","Industry
KPO/Research"
174,Grabtech Infomatics Private Limited,Visakhapatnam,"Company size
2-10 employees","Industry
KPO/Research"
175,CHIRRAVURI RESEARCH FOUNDATION FOR HUMANAND GLOBAL REFORMS,Hyderabad,"Company size
2-10 employees","Industry
KPO/Research"
176,Surveykshan,Delhi,"Company size
2-10 employees","Industry
KPO/Research"
177,Growthline Solutions LLP,Rewari,"Company size
2-10 employees","Industry
KPO/Research"
178,Illuminate By Tarun Bindlish,Gurgaon,"Company size
2-10 employees","Industry
KPO/Research"
179,Legal Eye Partners,Varanasi,"Company size
2-10 employees","Industry
KPO/Research"
180,Kendo,Delhi,"Company size
2-10 employees","Industry
KPO/Research"
181,Immunyfit Healthtech Private Limited,Bangalore,"Company size
2-10 employees","Industry
KPO/Research"
182,VRAJRAJ IP LLP,Vadodara,"Company size
2-10 employees","Industry
KPO/Research"
183,Stellanova Globaltech Private Limited,Udaipur,"Company size
2-10 employees","Industry
KPO/Research"
184,Confederation Of Sports & Recreation Industry,Kasaragod,"Company size
2-10 employees","Industry
KPO/Research"
185,Pvizion,Delhi,"Company size
2-10 employees","Industry
KPO/Research"
186,Carillon Media,Bangalore,"Company size
2-10 employees","Industry
KPO/Research"
187,IntelliIndia,Vijayawada,"Company size
2-10 employees","Industry
KPO/Research"
188,ANKA Insights,Delhi,"Company size
2-10 employees","Industry
KPO/Research"
189,DSCHOLAR RESEARCH CONSULTANCY AND ANALYTICS (OPC) PRIVATE LIMITED,West Tripura,"Company size
2-10 employees","Industry
KPO/Research"
190,Power Peak Digest,Delhi,"Company size
2-10 employees","Industry
KPO/Research"
191,Satvik Solutions,Ludhiana,"Company size
2-10 employees","Industry
KPO/Research"
192,RocSigma Consulting Group,Noida,"Company size
2-10 employees","Industry
KPO/Research"
193,B R MANDOWARA & CO,Ahmedabad,"Company size
2-10 employees","Industry
KPO/Research"
194,Salecline Business Solutions LLP,Mumbai,"Company size
2-10 employees","Industry
KPO/Research"
195,Antriksh Labs Private Limited,Karnataka,"Company size
2-10 employees","Industry
KPO/Research"
196,JANATHA HEALTH INNOVATIVE TECHNOLOGY RESEARCH,Hyderabad,"Company size
2-10 employees","Industry
KPO/Research"
197,TENFOLD Data & Facts,Delhi,"Company size
2-10 employees","Industry
KPO/Research"
198,B4 Research Labs,Delhi,"Company size
2-10 employees","Industry
KPO/Research"
199,DSET CONSULTING PRIVATE LIMITED,Bangalore,"Company size
2-10 employees","Industry
KPO/Research"
200,Conglorean Datalabs & Media Private Limited,Bangalore,"Company size
2-10 employees","Industry
KPO/Research"
201,Research MD,Vadodara,"Company size
2-10 employees","Industry
KPO/Research"
202,Smart BookServe,Coimbatore,"Company size
2-10 employees","Industry
KPO/Research"
203,Legal Ashaa,Raipur,"Company size
2-10 employees","Industry
KPO/Research"
204,Cascone LLP,Ghaziabad,"Company size
2-10 employees","Industry
KPO/Research"
205,Truinvest,Gurgaon,"Company size
2-10 employees","Industry
KPO/Research"
206,Oriontcs Private Limited,Delhi,"Company size
2-10 employees","Industry
KPO/Research"
207,Eternal Markets,Pune,"Company size
2-10 employees","Industry
KPO/Research"
208,RB & Co.,Mumbai,"Company size
2-10 employees","Industry
KPO/Research"
209,TNQ Tech Pvt Ltd,Chennai,"Company size
2-10 employees","Industry
KPO/Research"
210,Hubsite Survey,Noida,"Company size
2-10 employees","Industry
KPO/Research"
211,BTX City,Ghaziabad,"Company size
2-10 employees","Industry
KPO/Research"
212,Climate And Sustainability Initiative,Delhi,"Company size
2-10 employees","Industry
KPO/Research"
213,Shubanaryan Edutainment LLP,Kolkata,"Company size
2-10 employees","Industry
KPO/Research"
214,Synco Partners,Gurgaon,"Company size
2-10 employees","Industry
KPO/Research"
215,SATORU FOUNDATION,Hyderabad,"Company size
2-10 employees","Industry
KPO/Research"
216,Entelect Techsol LLP,Delhi,"Company size
2-10 employees","Industry
KPO/Research"
217,Acuitas Health Analytics,Ahmedabad,"Company size
2-10 employees","Industry
KPO/Research"
218,Geckobotics Research And Development LLP,Pune,"Company size
2-10 employees","Industry
KPO/Research"
219,ISTK Minute Verify Pvt. Ltd.,Aligarh,"Company size
2-10 employees","Industry
KPO/Research"
220,SAZAG INFOTECH PRIVATE LIMITED,Delhi,"Company size
2-10 employees","Industry
KPO/Research"
221,Legal Setup,Delhi,"Company size
2-10 employees","Industry
KPO/Research"
222,AERO FEDERATION OF INDIA,Delhi,"Company size
2-10 employees","Industry
KPO/Research"
223,Abki Solutions Private Limited,Mumbai,"Company size
2-10 employees","Industry
KPO/Research"
224,MitovoidAI,Gurgaon,"Company size
2-10 employees","Industry
KPO/Research"
225,Daily Law Times Private Limited,Rajsamand,"Company size
2-10 employees","Industry
KPO/Research"
226,Livingstone Institute Of Future Technologies,Noida,"Company size
2-10 employees","Industry
KPO/Research"
227,CSS EDTECH,Anantapur,"Company size
2-10 employees","Industry
KPO/Research"
228,Meukron Technologies,Bangalore,"Company size
2-10 employees","Industry
KPO/Research"
229,Fraunhofer Gesellschaft,Chennai,"Company size
2-10 employees","Industry
KPO/Research"
230,The Naarad,Delhi,"Company size
2-10 employees","Industry
KPO/Research"
231,Chithiram Data Management Solutions,Chennai,"Company size
2-10 employees","Industry
KPO/Research"
232,Three Box Solution Private Limited,Gurgaon,"Company size
2-10 employees","Industry
KPO/Research"
233,Impacto Asia,Gurgaon,"Company size
2-10 employees","Industry
KPO/Research"
234,Being Billionaire Consultancy Services Private Limited,Lucknow,"Company size
2-10 employees","Industry
KPO/Research"
235,Stenzo Tech,Ahmedabad,"Company size
2-10 employees","Industry
KPO/Research"
236,Greenin Urja,Vikasnagar,"Company size
2-10 employees","Industry
KPO/Research"
237,Son Chidiya Udd Labs,Delhi,"Company size
2-10 employees","Industry
KPO/Research"
238,Chachria Verse Pvt Ltd,Indore,"Company size
2-10 employees","Industry
KPO/Research"
239,Siddharth  Baid,Ahmedabad,"Company size
2-10 employees","Industry
KPO/Research"
240,AJA & Co,Sri Ganganagar,"Company size
0-1 employees","Industry
KPO/Research"
241,ConnectHEOR Limited,Delhi,"Company size
0-1 employees","Industry
KPO/Research"
242,Institute Of Legal Research And Education,Mumbai,"Company size
0-1 employees","Industry
KPO/Research"
243,SMSAMS HUMANRESOURCE,Mylavaram,"Company size
0-1 employees","Industry
KPO/Research"
244,Biopractify Private Limited,Noida,"Company size
0-1 employees","Industry
KPO/Research"
245,HGS,Mumbai,"Company size
1000+ employees","Industry
KPO/Research"
246,Siemens,Bangalore,"Company size
1000+ employees","Industry
KPO/Research"
247,CORSEARCH,Mumbai,"Company size
1000+ employees","Industry
KPO/Research"
248,Viaan Technologies P Limited,Ahmedabad,"Company size
501-1000 employees","Industry
KPO/Research"
249,Corient Business Solutions Private Limited,Mumbai,"Company size
501-1000 employees","Industry
KPO/Research"
250,Corient Business Solutions,Mumbai,"Company size
501-1000 employees","Industry
KPO/Research"
251,Axis My India,Mumbai,"Company size
501-1000 employees","Industry
KPO/Research"
252,Beroe Incorporation,Chennai,"Company size
501-1000 employees","Industry
KPO/Research"
253,Medico Healthcare Services & Technologies,Hyderabad,"Company size
501-1000 employees","Industry
KPO/Research"
254,SandMartin,Noida,"Company size
501-1000 employees","Industry
KPO/Research"
255,Viaante Business Solution Private Limited,Mumbai,"Company size
501-1000 employees","Industry
KPO/Research"
256,Artify,Pune,"Company size
501-1000 employees","Industry
KPO/Research"
257,Azure Knowledge Corporation,Ahmedabad,"Company size
501-1000 employees","Industry
KPO/Research"
258,ASA & Associates LLP,Gurgaon,"Company size
501-1000 employees","Industry
KPO/Research"
259,Decimal Point Analytics Private Limited,Nashik,"Company size
501-1000 employees","Industry
KPO/Research"
260,Hansa Research Group Private Limited,Mumbai,"Company size
501-1000 employees","Industry
KPO/Research"
261,360 Research Foundation,Narkatiaganj,"Company size
501-1000 employees","Industry
KPO/Research"
262,Market Xcel Data Matrix Private Limited,Delhi,"Company size
501-1000 employees","Industry
KPO/Research"
263,FutureBridge,Navi Mumbai,"Company size
501-1000 employees","Industry
KPO/Research"
264,ICRA Analytics Limited,Kolkata,"Company size
501-1000 employees","Industry
KPO/Research"
265,TERI,Delhi,"Company size
501-1000 employees","Industry
KPO/Research"
266,Kailasa Analytics And Services Private Limited,Mumbai,"Company size
501-1000 employees","Industry
KPO/Research"
267,Coresearch,Mumbai,"Company size
501-1000 employees","Industry
KPO/Research"
268,Worxpertise,Gurgaon,"Company size
501-1000 employees","Industry
KPO/Research"
269,Paysquare,Pune,"Company size
501-1000 employees","Industry
KPO/Research"
270,Scymes Services Private Limited,Mumbai,"Company size
501-1000 employees","Industry
KPO/Research"
271,Mist It Services Pvt Ltd,Delhi,"Company size
501-1000 employees","Industry
KPO/Research"
272,SCYO Decisions,Chennai,"Company size
501-1000 employees","Industry
KPO/Research"
273,MIST IT Services Private Limited,Navi Mumbai,"Company size
501-1000 employees","Industry
KPO/Research"
274,EqualizerRCM Services,Mysuru,"Company size
501-1000 employees","Industry
KPO/Research"
275,Indian Institute Of Astrophysics,Bangalore,"Company size
201-500 employees","Industry
KPO/Research"
276,J-PAL South Asia,Delhi,"Company size
201-500 employees","Industry
KPO/Research"
277,IBN Technologies Limited,Pune,"Company size
201-500 employees","Industry
KPO/Research"
278,National Institute Of Urban Affairs,Gurgaon,"Company size
201-500 employees","Industry
KPO/Research"
279,HiveMinds Innovative Market Solutions Private Limited,Mumbai,"Company size
201-500 employees","Industry
KPO/Research"
280,Grand View Research,Pune,"Company size
201-500 employees","Industry
KPO/Research"
281,RichFeel,Mumbai,"Company size
201-500 employees","Industry
KPO/Research"
282,Mas Callnet India Private Limited,Noida,"Company size
201-500 employees","Industry
KPO/Research"
283,Envirocare Labs Private Limited,Thane,"Company size
201-500 employees","Industry
KPO/Research"
284,Sagacious Research Private Limited,Nagpur,"Company size
201-500 employees","Industry
KPO/Research"
285,Data Bridge Market Research,Pune,"Company size
201-500 employees","Industry
KPO/Research"
286,Indiannica Learning Private Limited,Delhi,"Company size
201-500 employees","Industry
KPO/Research"
287,The Insight Partners,Pune,"Company size
201-500 employees","Industry
KPO/Research"
288,Aranca (Mumbai) Private Limited,Mumbai,"Company size
201-500 employees","Industry
KPO/Research"
289,Absolute Reports,Pune,"Company size
201-500 employees","Industry
KPO/Research"
290,IMARC Services Private Limited,Noida,"Company size
201-500 employees","Industry
KPO/Research"
291,Coherent Market Insights Private Limited,Pune,"Company size
201-500 employees","Industry
KPO/Research"
292,A Plan By Consultants,Delhi,"Company size
201-500 employees","Industry
KPO/Research"
293,Learning Routes Private Limited,Gurgaon,"Company size
201-500 employees","Industry
KPO/Research"
294,Fortune Business Insight Private Limited,Pune,"Company size
201-500 employees","Industry
KPO/Research"
295,The Energy And Resources Institute (TERI),Delhi,"Company size
201-500 employees","Industry
KPO/Research"
296,Future Market Insights,Pune,"Company size
201-500 employees","Industry
KPO/Research"
297,Nath Outsourcing Solutions Private Limited,Mohali,"Company size
201-500 employees","Industry
KPO/Research"
298,Value Research,Noida,"Company size
201-500 employees","Industry
KPO/Research"
299,C-Quel Management Services Private Limited,Kolkata,"Company size
201-500 employees","Industry
KPO/Research"
300,IMARC,Delhi,"Company size
201-500 employees","Industry
KPO/Research"
301,Kalkine Solutions Private Limited,Noida,"Company size
201-500 employees","Industry
KPO/Research"
302,Claight Corporation (Expert Market Research),Noida,"Company size
201-500 employees","Industry
KPO/Research"
303,Market Research Future (MRFR),Pune,"Company size
201-500 employees","Industry
KPO/Research"
304,Prin. L. N. Welingkar Institute Of Management Development And Research (WeSchool),Mumbai,"Company size
201-500 employees","Industry
KPO/Research"
305,Phonicle Synergies Private Limited,Noida,"Company size
201-500 employees","Industry
KPO/Research"
306,Bahar Infocons Private Limited,Mumbai,"Company size
201-500 employees","Industry
KPO/Research"
307,Atharv Optikos Syndsseis Private Limited,Raipur,"Company size
201-500 employees","Industry
KPO/Research"
308,IPG MEDIA BRANDS,Pune,"Company size
201-500 employees","Industry
KPO/Research"
309,Sagacious IP,Gurgaon,"Company size
201-500 employees","Industry
KPO/Research"
310,HelioNext,Gurgaon,"Company size
201-500 employees","Industry
KPO/Research"
311,Fortune Business Insights Private Limited,Pune,"Company size
201-500 employees","Industry
KPO/Research"
312,Tripify,Delhi,"Company size
201-500 employees","Industry
KPO/Research"
313,IndustryARC,Hyderabad,"Company size
51-200 employees","Industry
KPO/Research"
314,HS Brands Private Limited,Bangalore,"Company size
51-200 employees","Industry
KPO/Research"
315,Insight Alpha,Delhi,"Company size
51-200 employees","Industry
KPO/Research"
316,FloatingChip Internet Technologies,Kolkata,"Company size
51-200 employees","Industry
KPO/Research"
317,Best Tax Filer LLC,Hyderabad,"Company size
51-200 employees","Industry
KPO/Research"
318,Feedback Business Consulting Services Private Limited,Bangalore,"Company size
51-200 employees","Industry
KPO/Research"
319,Neo Kinetic Services India Private Limited,Mumbai,"Company size
51-200 employees","Industry
KPO/Research"
320,Spectral Consultants,Delhi,"Company size
51-200 employees","Industry
KPO/Research"
321,InfoAnalytica Consulting Private Limited,Ahmedabad,"Company size
51-200 employees","Industry
KPO/Research"
322,Bare International,Mumbai,"Company size
51-200 employees","Industry
KPO/Research"
323,Integrand Analytics,Gurgaon,"Company size
51-200 employees","Industry
KPO/Research"
324,BIS Research,Noida,"Company size
51-200 employees","Industry
KPO/Research"
325,Nehsam IT Services Private Limited,Delhi,"Company size
51-200 employees","Industry
KPO/Research"
326,Eminenture Private Limited,Delhi,"Company size
51-200 employees","Industry
KPO/Research"
327,Lloyds Ventures,Gurgaon,"Company size
51-200 employees","Industry
KPO/Research"
328,Meticulous Research,Pune,"Company size
51-200 employees","Industry
KPO/Research"
329,SkyQuest Technology Consulting Private Limited,Ahmedabad,"Company size
51-200 employees","Industry
KPO/Research"
330,Infollion Research Services,Gurugram Sub-District,"Company size
51-200 employees","Industry
KPO/Research"
331,Global Market Estimates,Mumbai,"Company size
51-200 employees","Industry
KPO/Research"
332,Dazeinfo Media & Research Private Limited,Bangalore,"Company size
51-200 employees","Industry
KPO/Research"
333,AGR Knowledge Services Private Limited,Mumbai,"Company size
51-200 employees","Industry
KPO/Research"
334,DigiVerifi Private Limited,Noida,"Company size
51-200 employees","Industry
KPO/Research"
335,Benori KPO,Gurgaon,"Company size
51-200 employees","Industry
KPO/Research"
336,Guires Solutions Private Limited,Chennai,"Company size
51-200 employees","Industry
KPO/Research"
337,Langza Business Services Private Limited,Gurgaon,"Company size
51-200 employees","Industry
KPO/Research"
338,FHRM,Gurgaon,"Company size
51-200 employees","Industry
KPO/Research"
339,Universal Data Solution,Noida,"Company size
51-200 employees","Industry
KPO/Research"
340,India Infrastructure Publishing Private Limited,Delhi,"Company size
51-200 employees","Industry
KPO/Research"
341,Marketysers Consulting,Pune,"Company size
51-200 employees","Industry
KPO/Research"
342,VR Health Science OPC Private Limited,Delhi,"Company size
51-200 employees","Industry
KPO/Research"
343,RocSearch,Noida,"Company size
51-200 employees","Industry
KPO/Research"
344,Up Market Research,Pune,"Company size
51-200 employees","Industry
KPO/Research"
345,Reports And Data,Pune,"Company size
51-200 employees","Industry
KPO/Research"
346,Dun & Bradstreet Technologies & Data Services Private Limited,Chennai,"Company size
51-200 employees","Industry
KPO/Research"
347,Insights Opinion Private Limited,Noida,"Company size
51-200 employees","Industry
KPO/Research"
348,Vertex Global Services,Delhi,"Company size
51-200 employees","Industry
KPO/Research"
349,Yangpoo Executive Education,Mumbai,"Company size
51-200 employees","Industry
KPO/Research"
350,BAUER Corporate Services Private Limited,Mumbai,"Company size
51-200 employees","Industry
KPO/Research"
351,7 Virtual Assistant Services,Chennai,"Company size
51-200 employees","Industry
KPO/Research"
352,Spidrontech LLP,Pune,"Company size
51-200 employees","Industry
KPO/Research"
353,GoldLighT Technologies Private Limited,Bangalore,"Company size
51-200 employees","Industry
KPO/Research"
354,GPC Regulatory India Private Limited,Nagpur,"Company size
51-200 employees","Industry
KPO/Research"
355,ETG Research,Jaipur,"Company size
51-200 employees","Industry
KPO/Research"
356,Virtue Market Research,Pune,"Company size
51-200 employees","Industry
KPO/Research"
357,Market Expertise,Pune,"Company size
51-200 employees","Industry
KPO/Research"
358,Blackridge Research & Consulting,Hyderabad,"Company size
51-200 employees","Industry
KPO/Research"
359,Straits Research Private Limited,Pune,"Company size
51-200 employees","Industry
KPO/Research"
360,Internet Research Bureau,Noida,"Company size
51-200 employees","Industry
KPO/Research"
361,UttamJob Technologies Private Limited,Gurgaon,"Company size
51-200 employees","Industry
KPO/Research"
362,Research Allied,Pune,"Company size
51-200 employees","Industry
KPO/Research"
363,EsmSys,Ahmedabad,"Company size
51-200 employees","Industry
KPO/Research"
364,QualiKet Research,Pune,"Company size
51-200 employees","Industry
KPO/Research"
365,Keyblocks Strategy Consulting,Hyderabad,"Company size
51-200 employees","Industry
KPO/Research"
366,Todays Dental Services,Hyderabad,"Company size
51-200 employees","Industry
KPO/Research"
367,CBI Solutions India,Jaipur,"Company size
51-200 employees","Industry
KPO/Research"
368,Astron E-Services Private Limited,Ahmedabad,"Company size
51-200 employees","Industry
KPO/Research"
369,Paperpedia Private Limited,Gurgaon,"Company size
51-200 employees","Industry
KPO/Research"
370,Ken Research,Gurgaon,"Company size
51-200 employees","Industry
KPO/Research"
371,HKKR Global,Gurgaon,"Company size
51-200 employees","Industry
KPO/Research"
372,Supply Wisdom,Bangalore,"Company size
51-200 employees","Industry
KPO/Research"
373,Enterprise Service Management System,Ahmedabad,"Company size
51-200 employees","Industry
KPO/Research"
374,Kanalysis Consultant Private Limited,Delhi,"Company size
51-200 employees","Industry
KPO/Research"
375,HuntingCube Recruitment Solutions Private Limited,Noida,"Company size
51-200 employees","Industry
KPO/Research"
376,DelveInsight Business Research,Delhi,"Company size
51-200 employees","Industry
KPO/Research"
377,Tru Performance,Pune,"Company size
51-200 employees","Industry
KPO/Research"
378,Pantheon Digital,Delhi,"Company size
51-200 employees","Industry
KPO/Research"
379,Infinity Business Insights,Pune,"Company size
51-200 employees","Industry
KPO/Research"
380,Statxo,Gurgaon,"Company size
51-200 employees","Industry
KPO/Research"
381,GO MO Group,Pune,"Company size
51-200 employees","Industry
KPO/Research"
382,Politika And Consilium Research Institute Private Limited,Delhi,"Company size
51-200 employees","Industry
KPO/Research"
383,FinFluence,Delhi,"Company size
51-200 employees","Industry
KPO/Research"
384,NCheng India Private Limited,Gurgaon,"Company size
51-200 employees","Industry
KPO/Research"
385,Metnmat Research,Kolkata,"Company size
51-200 employees","Industry
KPO/Research"
386,Stats And Research,Pune,"Company size
51-200 employees","Industry
KPO/Research"
387,Indian Grameen Services,Hyderabad,"Company size
51-200 employees","Industry
KPO/Research"
388,Markelytics Solutions India,Bangalore,"Company size
51-200 employees","Industry
KPO/Research"
389,Progressive Market Research,Mumbai,"Company size
51-200 employees","Industry
KPO/Research"
390,SOCIALENGINE,Kolkata,"Company size
51-200 employees","Industry
KPO/Research"
391,ReportPrime,Mumbai,"Company size
51-200 employees","Industry
KPO/Research"
392,Adamas Backend Services Private Limited,Gurgaon,"Company size
51-200 employees","Industry
KPO/Research"
393,Advance Estimating,Delhi,"Company size
51-200 employees","Industry
KPO/Research"
394,MGL DESIGN GROUP,Rajkot,"Company size
51-200 employees","Industry
KPO/Research"
395,Decipher Market Research,Pune,"Company size
51-200 employees","Industry
KPO/Research"
396,ACS Networks & Technologies Private Limited,Dehradun,"Company size
51-200 employees","Industry
KPO/Research"
397,1Lattice,Delhi,"Company size
51-200 employees","Industry
KPO/Research"
398,Curis RCM LLP,Chennai,"Company size
51-200 employees","Industry
KPO/Research"
399,Investobazar Wealth Nivesh Pvt Ltd,Indore,"Company size
51-200 employees","Industry
KPO/Research"
400,AMA Research & Media LLP,Pune,"Company size
51-200 employees","Industry
KPO/Research"
401,Knowledge Excel Private Limited,Delhi,"Company size
51-200 employees","Industry
KPO/Research"
402,6wresearch & Database Services Private Limited,Delhi,"Company size
51-200 employees","Industry
KPO/Research"
403,LUCINTEL,Raipur,"Company size
51-200 employees","Industry
KPO/Research"
404,Pantheon Digitals,Delhi,"Company size
51-200 employees","Industry
KPO/Research"
405,Mosaic Media Ventures Private Limited,Gurgaon,"Company size
51-200 employees","Industry
KPO/Research"
406,SCYO Decisions Services,Vellore,"Company size
51-200 employees","Industry
KPO/Research"
407,Prayoga Institute Of Education Research,Bangalore,"Company size
51-200 employees","Industry
KPO/Research"
408,COCO GINGER TECHNOLOGIES PRIVATE LIMITED,Mumbai,"Company size
51-200 employees","Industry
KPO/Research"
409,Quantish Opinion,Gurgaon,"Company size
51-200 employees","Industry
KPO/Research"
410,Society Of Clinical Research And Medical Professionals,Hyderabad,"Company size
51-200 employees","Industry
KPO/Research"
411,Research Mentor Clinic,Indore,"Company size
51-200 employees","Industry
KPO/Research"
412,Paradigm Sample,Noida,"Company size
51-200 employees","Industry
KPO/Research"
413,Global Survey,Ahmedabad,"Company size
51-200 employees","Industry
KPO/Research"
414,KhetiGaadi,Pune,"Company size
51-200 employees","Industry
KPO/Research"
415,Bombay College Of Pharmacy,Mumbai,"Company size
51-200 employees","Industry
KPO/Research"
416,Brickwork Ratings,Bangalore,"Company size
51-200 employees","Industry
KPO/Research"
417,BigMint,Raipur,"Company size
51-200 employees","Industry
KPO/Research"
418,Kriyadocs,Chennai,"Company size
51-200 employees","Industry
KPO/Research"
419,Scidecs Private Limited,Bangalore,"Company size
51-200 employees","Industry
KPO/Research"
420,Projects Today,Mumbai,"Company size
51-200 employees","Industry
KPO/Research"
421,Daily Dividend,Hyderabad,"Company size
51-200 employees","Industry
KPO/Research"
422,Stratview Research,Raipur,"Company size
51-200 employees","Industry
KPO/Research"
423,CynLr,Bangalore,"Company size
51-200 employees","Industry
KPO/Research"
424,Hire My Assistants KPO LLP,Mumbai,"Company size
51-200 employees","Industry
KPO/Research"
425,YBS India,Haryana,"Company size
51-200 employees","Industry
KPO/Research"
426,Outline India,Gurgaon,"Company size
0-50 employees","Industry
KPO/Research"
427,Monk Prayogshala,Mumbai,"Company size
0-50 employees","Industry
KPO/Research"
428,Malaviya National Institute Of Technology Jaipur,Delhi,"Company size
0-50 employees","Industry
KPO/Research"
429,Global Vox Populi,Mumbai,"Company size
0-50 employees","Industry
KPO/Research"
430,Knowledge Sourcing Intelligence,Noida,"Company size
0-50 employees","Industry
KPO/Research"
431,ReReeti,Bangalore,"Company size
0-50 employees","Industry
KPO/Research"
432,Research NXT,Pune,"Company size
0-50 employees","Industry
KPO/Research"
433,SG Solutions,Jaipur,"Company size
0-50 employees","Industry
KPO/Research"
434,SusPoT,Bangalore,"Company size
0-50 employees","Industry
KPO/Research"
435,Market Data Forecast,Hyderabad,"Company size
0-50 employees","Industry
KPO/Research"
436,Arbor Research India,Delhi,"Company size
0-50 employees","Industry
KPO/Research"
437,Caleidoscope Knowledge Solutions,Delhi,"Company size
0-50 employees","Industry
KPO/Research"
438,Perusal Global Solutions,Mumbai,"Company size
0-50 employees","Industry
KPO/Research"
439,Analystoserve,Gurgaon,"Company size
0-50 employees","Industry
KPO/Research"
440,HGS International Services Private Limited,Mumbai,"Company size
0-50 employees","Industry
KPO/Research"
441,Think2Exam,Bangalore,"Company size
0-50 employees","Industry
KPO/Research"
442,Eldrok,Gurgaon,"Company size
0-50 employees","Industry
KPO/Research"
443,Philomath Research Private Limited,Delhi,"Company size
0-50 employees","Industry
KPO/Research"
444,Indipro,Hyderabad,"Company size
0-50 employees","Industry
KPO/Research"
445,Silver Spoon Food Trucks,Ghaziabad,"Company size
0-50 employees","Industry
KPO/Research"
446,Informed Technologies Private Limited,Mumbai,"Company size
0-50 employees","Industry
KPO/Research"
447,Techvire,Chandigarh,"Company size
0-50 employees","Industry
KPO/Research"
448,Leaf Studios,Delhi,"Company size
0-50 employees","Industry
KPO/Research"
449,Skewer Technologies Private Limited,Delhi,"Company size
0-50 employees","Industry
KPO/Research"
450,TStock Mantra Investments,Navi Mumbai,"Company size
0-50 employees","Industry
KPO/Research"
451,IBOTTIC IT AND ITES SOLUTIONS PRIVATE LIMITED,Bangalore,"Company size
0-50 employees","Industry
KPO/Research"
452,Arcworth Strategy LLP,Bangalore,"Company size
0-50 employees","Industry
KPO/Research"
453,Prarang,Noida,"Company size
0-50 employees","Industry
KPO/Research"
454,Uncap Research Labs,Bangalore,"Company size
0-50 employees","Industry
KPO/Research"
455,Kaizen SMPO,Bhavnagar,"Company size
0-50 employees","Industry
KPO/Research"
456,Calcutta Rescue,Kolkata,"Company size
0-50 employees","Industry
KPO/Research"
457,Crimson Insights Technologies LLP,Mohali,"Company size
0-50 employees","Industry
KPO/Research"
458,Opulence Groups,Ahmedabad,"Company size
0-50 employees","Industry
KPO/Research"
459,Progresso Research & Analytics Private Limited,Gurgaon,"Company size
0-50 employees","Industry
KPO/Research"
460,The Leaders Globe Media,Pune,"Company size
0-50 employees","Industry
KPO/Research"
461,Arrow Point Market Research And Insights Solutions,Chennai,"Company size
0-50 employees","Industry
KPO/Research"
462,Techieyan Technologies,Hyderabad,"Company size
0-50 employees","Industry
KPO/Research"
463,xProAdvisors,Chennai,"Company size
0-50 employees","Industry
KPO/Research"
464,Next Generation Skills Analytics And Testing Private Limited,Delhi,"Company size
0-50 employees","Industry
KPO/Research"
465,Midwest Consulting Group LLP,Delhi,"Company size
0-50 employees","Industry
KPO/Research"
466,Most Authentic Profile Screening Services,Mumbai,"Company size
0-50 employees","Industry
KPO/Research"
467,Fusion Technology Solutions,Pune,"Company size
0-50 employees","Industry
KPO/Research"
468,Krima Solutions,Mumbai,"Company size
0-50 employees","Industry
KPO/Research"
469,Yogesh Gupta,Rohtak,"Company size
0-50 employees","Industry
KPO/Research"
470,Fundtec,Raipur,"Company size
0-50 employees","Industry
KPO/Research"
471,MedONE,Gurgaon,"Company size
0-50 employees","Industry
KPO/Research"
472,Centre For Educational And Social Studies (CESS),Bangalore,"Company size
0-50 employees","Industry
KPO/Research"
473,A Digital Blogger,Mohali,"Company size
0-50 employees","Industry
KPO/Research"
474,Global Mass Transit,Delhi,"Company size
0-50 employees","Industry
KPO/Research"
475,Value Prospect Consulting,Noida,"Company size
0-50 employees","Industry
KPO/Research"
476,Opus Galleria,Pune,"Company size
0-50 employees","Industry
KPO/Research"
477,Neev Advisory Research & Consultancy Services Private Limited,Gurgaon,"Company size
0-50 employees","Industry
KPO/Research"
478,Rasha Research And Strategic Consulting Private Limited,Jaipur,"Company size
0-50 employees","Industry
KPO/Research"
479,Qnous Services Private Limited,Pune,"Company size
0-50 employees","Industry
KPO/Research"
480,Vleader Verification Services Private Limited,Gurgaon,"Company size
0-50 employees","Industry
KPO/Research"
481,The Law Brigade Publisher,Ahmedabad,"Company size
0-50 employees","Industry
KPO/Research"
482,Prescient & Strategic Intelligence Private Limited,Noida,"Company size
0-50 employees","Industry
KPO/Research"
483,Allied Infoline Private Limited,Delhi,"Company size
0-50 employees","Industry
KPO/Research"
484,Vigyan Pragya Foundation,Vrindavan,"Company size
0-50 employees","Industry
KPO/Research"
485,Futurios Technologies,Bhubaneswar,"Company size
0-50 employees","Industry
KPO/Research"
486,Uber Remote,Delhi,"Company size
0-50 employees","Industry
KPO/Research"
487,Arion Business Services Private Limited,Delhi,"Company size
0-50 employees","Industry
KPO/Research"
488,Praco Devices,Coimbatore,"Company size
0-50 employees","Industry
KPO/Research"
489,TSAW Drones,Delhi,"Company size
0-50 employees","Industry
KPO/Research"
490,GSNR & Associates,Delhi,"Company size
0-50 employees","Industry
KPO/Research"
491,IlmeTABISM,Delhi,"Company size
0-50 employees","Industry
KPO/Research"
492,Madras Scientific Research Foundation,Chennai,"Company size
0-50 employees","Industry
KPO/Research"
493,RSB Insights & Analytics Private Limited,Mumbai,"Company size
0-50 employees","Industry
KPO/Research"
494,Beautiful Concepts Private Limited,Noida,"Company size
0-50 employees","Industry
KPO/Research"
495,ValuQo Services Private Limited,Gurgaon,"Company size
0-50 employees","Industry
KPO/Research"
496,D Analytical Support,Mumbai,"Company size
0-50 employees","Industry
KPO/Research"
497,Anscer Robotics,Bangalore,"Company size
0-50 employees","Industry
KPO/Research"
498,CityNeeds Innovations Pvt Ltd,Ludhiana,"Company size
0-50 employees","Industry
KPO/Research"
499,Market Statsville Group,Jaipur,"Company size
0-50 employees","Industry
KPO/Research"
500,Fusion Market Research,Pune,"Company size
0-50 employees","Industry
KPO/Research"
501,Trans MR Consulting LLP,Navi Mumbai,"Company size
0-50 employees","Industry
KPO/Research"
502,Pukka Partners,Pune,"Company size
0-50 employees","Industry
KPO/Research"
503,Flexing It Services Private Limited,Delhi,"Company size
0-50 employees","Industry
KPO/Research"
504,Synans Pvt Ltd,Delhi,"Company size
0-50 employees","Industry
KPO/Research"
505,Read Market Research,Korba,"Company size
0-50 employees","Industry
KPO/Research"
506,Oohr Innovations Private Limited,Zirakpur,"Company size
0-50 employees","Industry
KPO/Research"
507,Kaizen Market Research And Consultancy,Ahmedabad,"Company size
0-50 employees","Industry
KPO/Research"
508,Karnataka Digital Economy Mission,Bangalore,"Company size
0-50 employees","Industry
KPO/Research"
509,Responsabilite Publications Private Limited,Kolkata,"Company size
0-50 employees","Industry
KPO/Research"
510,Wavteq India Research & Advisory Private Limited,Bangalore,"Company size
0-50 employees","Industry
KPO/Research"
511,ALOK MISHRA,Hyderabad,"Company size
0-50 employees","Industry
KPO/Research"
512,Assuredjob.com,Dehradun,"Company size
0-50 employees","Industry
KPO/Research"
513,XPLAYN PRIVATE LIMITED,Mumbai,"Company size
0-50 employees","Industry
KPO/Research"
514,GS Analytics Private Limited,Udaipur,"Company size
0-50 employees","Industry
KPO/Research"
515,ArthGanit Consultant Private Limited,Lucknow,"Company size
0-50 employees","Industry
KPO/Research"
516,Xpredict Automation Solutions Private Limited,Bangalore,"Company size
0-50 employees","Industry
KPO/Research"
517,MiiCare,Bangalore,"Company size
0-50 employees","Industry
KPO/Research"
518,Insightogram,Indore,"Company size
0-50 employees","Industry
KPO/Research"
519,Aviz Entertainment & Event Management Private Limited Company,Jaipur,"Company size
0-50 employees","Industry
KPO/Research"
520,Vikrantash Group,Bangalore,"Company size
0-50 employees","Industry
KPO/Research"
521,Global MR Online,Noida,"Company size
0-50 employees","Industry
KPO/Research"
522,Eerima Digitools Private Limited,Thane,"Company size
0-50 employees","Industry
KPO/Research"
523,LivePro Wellness Private Limited,Gurgaon,"Company size
0-50 employees","Industry
KPO/Research"
524,Research Intern,Pune,"Company size
0-50 employees","Industry
KPO/Research"
525,Edutivation,Rajasthan,"Company size
0-50 employees","Industry
KPO/Research"
526,Alliance Knowledge Partners,Mumbai,"Company size
0-50 employees","Industry
KPO/Research"
527,InnResearch Market Solution Private Limited,Mumbai,"Company size
0-50 employees","Industry
KPO/Research"
528,Metadome,Bangalore,"Company size
0-50 employees","Industry
KPO/Research"
529,Start Any Business,Mohali,"Company size
0-50 employees","Industry
KPO/Research"
530,Apurv Kansal & Company,Indore,"Company size
0-50 employees","Industry
KPO/Research"
531,SVT Advisors Private Limited,Ahmedabad,"Company size
0-50 employees","Industry
KPO/Research"
532,Solaristech Pty Ltd,Ahmedabad,"Company size
0-50 employees","Industry
KPO/Research"
533,Flavin Labs,Lucknow,"Company size
0-50 employees","Industry
KPO/Research"
534,ProcureSaathi Solutions Private Limited,Gurgaon,"Company size
0-50 employees","Industry
KPO/Research"
535,"Society For Innovation And Development, IISc",Bangalore,"Company size
0-50 employees","Industry
KPO/Research"
536,Corplings,Nagpur,"Company size
0-50 employees","Industry
KPO/Research"
537,Eximine Private Limited,Delhi,"Company size
0-50 employees","Industry
KPO/Research"
538,Waveform Labs,Chennai,"Company size
0-50 employees","Industry
KPO/Research"
539,AccFin Outsourcing,Gurgaon,"Company size
0-50 employees","Industry
KPO/Research"
540,GrowKul Edtech LLP,Lucknow,"Company size
0-50 employees","Industry
KPO/Research"
541,SKYGAZE MARKET RESEARCH,Dehradun,"Company size
0-50 employees","Industry
KPO/Research"
542,Quantinent Analytics,Ahmedabad,"Company size
0-50 employees","Industry
KPO/Research"
543,Quadrant Market Insights,Ahmedabad,"Company size
0-50 employees","Industry
KPO/Research"
544,Field And Facts Data Private Limited,Mumbai,"Company size
0-50 employees","Industry
KPO/Research"
545,Baptista Research,Mumbai,"Company size
0-50 employees","Industry
KPO/Research"
546,Innovantase R&D Services LLP,Mumbai,"Company size
0-50 employees","Industry
KPO/Research"
547,Shashwat HR,Ahmedabad,"Company size
0-50 employees","Industry
KPO/Research"
548,Robas Research Private Limited,Bangalore,"Company size
0-50 employees","Industry
KPO/Research"
549,Reports And Insights Business Research Private Limited,Noida,"Company size
0-50 employees","Industry
KPO/Research"
550,Indian Institute Of Development Management,Bhopal,"Company size
0-50 employees","Industry
KPO/Research"
551,Gwave Innovation Private Limited,Delhi,"Company size
0-50 employees","Industry
KPO/Research"
552,Tasks Assistant,Kalyan,"Company size
0-50 employees","Industry
KPO/Research"
553,SpudMe,Pune,"Company size
0-50 employees","Industry
KPO/Research"
554,Ascent Insights,Mumbai,"Company size
0-50 employees","Industry
KPO/Research"
555,Ufill Analytics Private Limited,Hisar,"Company size
0-50 employees","Industry
KPO/Research"
556,HubCredo,Bangalore,"Company size
0-50 employees","Industry
KPO/Research"
557,Agmay Technologies Private Limited,Hyderabad,"Company size
0-50 employees","Industry
KPO/Research"
558,Basta Neural Technologies,Delhi,"Company size
0-50 employees","Industry
KPO/Research"
559,Resbee Info Tech Private Limited,Nagercoil,"Company size
0-50 employees","Industry
KPO/Research"
560,Eco-Habitat Foundation,Hyderabad,"Company size
0-50 employees","Industry
KPO/Research"
561,INEUROUS IP,Delhi,"Company size
0-50 employees","Industry
KPO/Research"
562,SEEK Research Solutions Private Limited,Bangalore,"Company size
0-50 employees","Industry
KPO/Research"
563,Ornek Labs,Kota,"Company size
0-50 employees","Industry
KPO/Research"
564,Market Cognizance,Indore,"Company size
0-50 employees","Industry
KPO/Research"
565,Wealthvisor,Gurgaon,"Company size
0-50 employees","Industry
KPO/Research"
566,Amerigo Sats,Bangalore,"Company size
0-50 employees","Industry
KPO/Research"
567,Dot Sphere,Delhi,"Company size
0-50 employees","Industry
KPO/Research"
568,Off The Record,Delhi,"Company size
0-50 employees","Industry
KPO/Research"
569,Refined Reports Data,Pune,"Company size
0-50 employees","Industry
KPO/Research"
570,IntellectPeritus Services,Surat,"Company size
0-50 employees","Industry
KPO/Research"
571,Industry Ka Chashma,Delhi,"Company size
0-50 employees","Industry
KPO/Research"
572,MyParticipants,Lucknow,"Company size
0-50 employees","Industry
KPO/Research"
573,Agvesto India Private Limited,Mumbai,"Company size
0-50 employees","Industry
KPO/Research"
574,ZeQube,Chennai,"Company size
0-50 employees","Industry
KPO/Research"
575,Alphavalley Advisors LLP,Pune,"Company size
0-50 employees","Industry
KPO/Research"
576,LLama Research LLP,Mumbai,"Company size
0-50 employees","Industry
KPO/Research"
577,IP POST,Chennai,"Company size
0-50 employees","Industry
KPO/Research"
578,Limpid Global Solution,Ahmedabad,"Company size
0-50 employees","Industry
KPO/Research"
579,Velox Consultants,Vadodara,"Company size
0-50 employees","Industry
KPO/Research"
580,Warrgyizmorsh Private Limited,Udaipur,"Company size
0-50 employees","Industry
KPO/Research"
581,Uddeshum Global Advisory Services Pvt Ltd,Mumbai,"Company size
0-50 employees","Industry
KPO/Research"
582,Telezer Technologies,Hyderabad,"Company size
0-50 employees","Industry
KPO/Research"
583,Trending Globall,Uttar Pradesh,"Company size
0-50 employees","Industry
KPO/Research"
584,MooMa Technologies,Coimbatore,"Company size
0-50 employees","Industry
KPO/Research"
585,Britly Technologies India Private Limited,Chennai,"Company size
0-50 employees","Industry
KPO/Research"
586,ImmverseAI,Nagpur,"Company size
0-50 employees","Industry
KPO/Research"
587,Kemio Solutions Private Limited,Bangalore,"Company size
0-50 employees","Industry
KPO/Research"
588,Sapiens Research And Analysis,Delhi,"Company size
0-50 employees","Industry
KPO/Research"
589,SB Consultancies,Mumbai,"Company size
0-50 employees","Industry
KPO/Research"
590,Asn Publication,Gurgaon,"Company size
0-50 employees","Industry
KPO/Research"
591,Centre For Socio Legal Research,Delhi,"Company size
0-50 employees","Industry
KPO/Research"
592,Cross Right,Ahmedabad,"Company size
0-50 employees","Industry
KPO/Research"
593,CRSP Connect,Udaipur,"Company size
0-50 employees","Industry
KPO/Research"
594,Access Assist,Delhi,"Company size
0-50 employees","Industry
KPO/Research"
595,Material Library Of India,Noida,"Company size
0-50 employees","Industry
KPO/Research"
596,SPER Market Research,Noida,"Company size
0-50 employees","Industry
KPO/Research"
597,IITM PRAVARTAK,Chennai,"Company size
0-50 employees","Industry
KPO/Research"
598,The Indian Journal For Research In Law And Management,Mumbai,"Company size
0-50 employees","Industry
KPO/Research"
599,Hiree Recruiter,Gurgaon,"Company size
0-50 employees","Industry
KPO/Research"
600,Intro To Artificial Intelligence,Mumbai,"Company size
0-50 employees","Industry
KPO/Research"
601,HFT Consultancy Services,Pune,"Company size
0-50 employees","Industry
KPO/Research"
602,JAJ Services,Bhind,"Company size
0-50 employees","Industry
KPO/Research"
603,HGS Business Services,Mumbai,"Company size
0-50 employees","Industry
KPO/Research"
604,HeDa Insights,Mumbai,"Company size
0-50 employees","Industry
KPO/Research"
605,Venus Accountants Private Limited,Ahmedabad,"Company size
0-50 employees","Industry
KPO/Research"
606,Yesminds Global Solutions Private Limited,Mysuru,"Company size
0-50 employees","Industry
KPO/Research"
607,All Things Law,Panchkula,"Company size
0-50 employees","Industry
KPO/Research"
608,Global Research Association,Delhi,"Company size
0-50 employees","Industry
KPO/Research"
609,ISA Tourism Private Limited,Delhi,"Company size
0-50 employees","Industry
KPO/Research"
610,Destiny | Destini.ai,Hyderabad,"Company size
0-50 employees","Industry
KPO/Research"
611,Samshette & Associates,Pune,"Company size
0-50 employees","Industry
KPO/Research"
612,INTRICATE RESEARCH PRIVATE LIMITED,Noida,"Company size
0-50 employees","Industry
KPO/Research"
613,Quantum Finserv,Delhi,"Company size
0-50 employees","Industry
KPO/Research"
614,Nextup Robotics Private Limited,Ghaziabad,"Company size
0-50 employees","Industry
KPO/Research"
615,Magnify Search LLP,Mumbai,"Company size
0-50 employees","Industry
KPO/Research"
616,IViRTH,Lucknow,"Company size
0-50 employees","Industry
KPO/Research"
617,Mattegy,Mumbai,"Company size
0-50 employees","Industry
KPO/Research"
618,UC Berkeley,Kolkata,"Company size
0-50 employees","Industry
KPO/Research"
619,Fabrolabs Technologies,Delhi,"Company size
0-50 employees","Industry
KPO/Research"
620,IP Bank,Hyderabad,"Company size
0-50 employees","Industry
KPO/Research"
621,Punaryoji Vikas Services,Jammu,"Company size
0-50 employees","Industry
KPO/Research"
622,Unnayan - Brainwiz,Jaipur,"Company size
0-50 employees","Industry
KPO/Research"
623,Oohr Intellectual Research LLP,Zirakpur,"Company size
0-50 employees","Industry
KPO/Research"
624,Wobble Lab,Bhilai,"Company size
0-50 employees","Industry
KPO/Research"
625,VOCO CONSULTING PRIVATE LIMITED,Delhi,"Company size
0-50 employees","Industry
KPO/Research"
626,D2Clytics,Delhi,"Company size
0-50 employees","Industry
KPO/Research"
627,Market Intel Pro,Pune,"Company size
0-50 employees","Industry
KPO/Research"
628,TULIP ELASTICS INDIA LLP,Delhi,"Company size
0-50 employees","Industry
KPO/Research"
629,The Infinity,Bangalore,"Company size
0-50 employees","Industry
KPO/Research"
630,ValueAdd Research And Analytics Solutions,Mumbai,"Company size
0-50 employees","Industry
KPO/Research"
631,Bhoomi AI Solutions Private Limited,Patna,"Company size
0-50 employees","Industry
KPO/Research"
632,Right Sight Market Research Private Limited,Navi Mumbai,"Company size
0-50 employees","Industry
KPO/Research"
633,JBN Technologies Pvt Ltd,Noida,"Company size
0-50 employees","Industry
KPO/Research"
634,Workforce Research,Bangalore,"Company size
0-50 employees","Industry
KPO/Research"
635,Data Mono,Noida,"Company size
0-50 employees","Industry
KPO/Research"
636,7P Promotions & Education Services Private Limited,Jaipur,"Company size
0-50 employees","Industry
KPO/Research"
637,Out Of Box Solutionz,Chennai,"Company size
0-50 employees","Industry
KPO/Research"
638,"International Journal Of Emerging Research In Engineering, Science, And Management",Sullurupeta,"Company size
0-50 employees","Industry
KPO/Research"
639,KM Accounting &Taxation Services Pvt Ltd,Ahmedabad,"Company size
0-50 employees","Industry
KPO/Research"
640,General Analytic,Bhilai,"Company size
0-50 employees","Industry
KPO/Research"
641,"Anaadi AI Center, Anaadi Foundation",Palani,"Company size
0-50 employees","Industry
KPO/Research"
642,Orchidea Research,Zirakpur,"Company size
0-50 employees","Industry
KPO/Research"
643,Qbit Consulting Services,Bhubaneswar,"Company size
0-50 employees","Industry
KPO/Research"
644,IAppel Solutions,Navi Mumbai,"Company size
0-50 employees","Industry
KPO/Research"
645,Scrapified,Ahmedabad,"Company size
0-50 employees","Industry
KPO/Research"
646,Customer Compass,Pune,"Company size
0-50 employees","Industry
KPO/Research"
647,DREAM INFINITY INNOVATIONS PRIVATE LIMITED,Agra,"Company size
0-50 employees","Industry
KPO/Research"
648,Corporate Hub Consultancy,Mumbai,"Company size
0-50 employees","Industry
KPO/Research"
649,Kwikster Consulting And Technology Pvt Ltd,Jaipur,"Company size
0-50 employees","Industry
KPO/Research"
650,Studio KPI,Delhi,"Company size
0-50 employees","Industry
KPO/Research"
651,HR HAVEN CONSULTANCY,Mumbai,"Company size
0-50 employees","Industry
KPO/Research"
652,Anadnav Ventures Private Limited,Delhi,"Company size
0-50 employees","Industry
KPO/Research"
653,Phyto Evolution Pvt. Ltd.,Chennai,"Company size
0-50 employees","Industry
KPO/Research"
654,DS IP Global,Indore,"Company size
0-50 employees","Industry
KPO/Research"
655,Maplebees Digital And Analytics LLP,Mumbai,"Company size
0-50 employees","Industry
KPO/Research"
656,KOKOROTECH PRIVATE LIMITED,Delhi,"Company size
0-50 employees","Industry
KPO/Research"
657,Penguin Business House,Delhi,"Company size
0-50 employees","Industry
KPO/Research"
658,430am Analytics,Bangalore,"Company size
0-50 employees","Industry
KPO/Research"
659,Accord Software Technologies,Delhi,"Company size
0-50 employees","Industry
KPO/Research"
660,Simbioen Labs And Scientific Services Private Limited,Chennai,"Company size
0-50 employees","Industry
KPO/Research"
661,Lotus Ventures India,Udaipur,"Company size
0-50 employees","Industry
KPO/Research"
662,Sunit Managements Pvt Ltd,Nagpur,"Company size
0-50 employees","Industry
KPO/Research"
663,BVS GLOBUS LLP,Ahmedabad,"Company size
0-50 employees","Industry
KPO/Research"
664,INTNT Innovation,Pune,"Company size
0-50 employees","Industry
KPO/Research"
665,National Institute Of Robotics And Artificial Intelligence,Delhi,"Company size
0-50 employees","Industry
KPO/Research"
666,Shubhi Gupta,Jaipur,"Company size
0-50 employees","Industry
KPO/Research"
667,The Intelligent Consulting Company,Latur,"Company size
0-50 employees","Industry
KPO/Research"
668,Solitary Spaces Private Limited,Nagpur,"Company size
0-50 employees","Industry
KPO/Research"
669,Kadalz,Bangalore,"Company size
0-50 employees","Industry
KPO/Research"
670,The CollabHub,Delhi,"Company size
0-50 employees","Industry
KPO/Research"
671,CLINISYD Research Global Solutions Private Limited,Bangalore,"Company size
0-50 employees","Industry
KPO/Research"
672,COE ORG IN,Bangalore,"Company size
0-50 employees","Industry
KPO/Research"
673,Puchoto.AI,Noida,"Company size
0-50 employees","Industry
KPO/Research"
674,WingedPencil Media,Bangalore,"Company size
0-50 employees","Industry
KPO/Research"
675,Panel Viewpoint Pvt Ltd,Ahmedabad,"Company size
0-50 employees","Industry
KPO/Research"
676,AARYAM DIGITECH PRIVATE LIMITED,Indore,"Company size
0-50 employees","Industry
KPO/Research"
677,Autosky Aerospace Private Limited,Bangalore,"Company size
0-50 employees","Industry
KPO/Research"
678,Protean Data Services Pvt. Ltd.,Delhi,"Company size
0-50 employees","Industry
KPO/Research"
679,FLASHO TECH CONSULTANCY SERVICES,Bhubaneswar,"Company size
0-50 employees","Industry
KPO/Research"
